university_code,university_name,country,province_state,city,building_number,street,postal_code,website,type,language,established
UTORONTO,University of Toronto Faculty of Dentistry,Canada,Ontario,Toronto,124,Edward Street,M5G 1G6,https://www.dentistry.utoronto.ca,Public,English,1875
UBC,University of British Columbia Faculty of Dentistry,Canada,British Columbia,Vancouver,2199,Wesbrook Mall,V6T 1Z3,https://www.dentistry.ubc.ca,Public,English,1964
MCGILL,McGill University Faculty of Dentistry,Canada,Quebec,Montreal,,3640 University Street,H3A 0C7,https://www.mcgill.ca/dentistry,Public,"English, French",1904
UALBERTA,University of Alberta School of Dentistry,Canada,Alberta,Edmonton,11405,87 Avenue NW,T6G 1C9,https://www.ualberta.ca/school-of-dentistry,Public,English,1917
UMANITOBA,University of Manitoba College of Dentistry,Canada,Manitoba,Winnipeg,780,Bannatyne Avenue,R3E 0W2,https://umanitoba.ca/dentistry,Public,English,1958
USASK,University of Saskatchewan College of Dentistry,Canada,Saskatchewan,Saskatoon,,105 Wiggins Road,S7N 5E4,https://www.usask.ca/dentistry,Public,English,1965
DALHOUSIE,Dalhousie University Faculty of Dentistry,Canada,Nova Scotia,Halifax,5981,University Avenue,B3H 3J5,https://www.dal.ca/faculty/dentistry,Public,English,1908
WESTERN,Western University Schulich School of Medicine & Dentistry,Canada,Ontario,London,,1151 Richmond Street,N6A 5C1,https://www.schulich.uwo.ca,Public,English,1965
UMONTREAL,Université de Montréal Faculté de médecine dentaire,Canada,Quebec,Montreal,2900,Boulevard Édouard-Montpetit,H3T 1J4,https://www.medecine.umontreal.ca,Public,French,1904
ULAVAL,Université Laval Faculté de médecine dentaire,Canada,Quebec,Quebec City,2420,Rue de la Terrasse,G1V 0A6,https://www.ulaval.ca,Public,French,1971
HARVARD,Harvard School of Dental Medicine,USA,Massachusetts,Boston,188,Longwood Avenue,02115,https://www.hsdm.harvard.edu,Private,English,1867
UCSF,University of California San Francisco School of Dentistry,USA,California,San Francisco,707,Parnassus Avenue,94143,https://dentistry.ucsf.edu,Public,English,1881
UMICH,University of Michigan School of Dentistry,USA,Michigan,Ann Arbor,1011,North University Avenue,48109,https://www.dentistry.umich.edu,Public,English,1875
UNC,University of North Carolina Adams School of Dentistry,USA,North Carolina,Chapel Hill,385,South Columbia Street,27599,https://www.dentistry.unc.edu,Public,English,1950
COLUMBIA,Columbia University College of Dental Medicine,USA,New York,New York,630,West 168th Street,10032,https://dental.columbia.edu,Private,English,1917
NYU,New York University College of Dentistry,USA,New York,New York,345,East 24th Street,10010,https://dental.nyu.edu,Private,English,1865
UPENN,University of Pennsylvania School of Dental Medicine,USA,Pennsylvania,Philadelphia,240,South 40th Street,19104,https://www.dental.upenn.edu,Private,English,1878
UCLA,UCLA School of Dentistry,USA,California,Los Angeles,714,Tiverton Avenue,90095,https://www.dentistry.ucla.edu,Public,English,1964
TAMU,Texas A&M University College of Dentistry,USA,Texas,Dallas,3302,Gaston Avenue,75246,https://dentistry.tamu.edu,Public,English,1905
UIOWA,University of Iowa College of Dentistry,USA,Iowa,Iowa City,801,Newton Road,52242,https://dentistry.uiowa.edu,Public,English,1882
TUFTS,Tufts University School of Dental Medicine,USA,Massachusetts,Boston,1,Kneeland Street,02111,https://dental.tufts.edu,Private,English,1899
CWRU,Case Western Reserve University School of Dental Medicine,USA,Ohio,Cleveland,10900,Euclid Avenue,44106,https://case.edu/dental,Private,English,1892
BU,Boston University Henry M. Goldman School of Dental Medicine,USA,Massachusetts,Boston,635,Albany Street,02118,https://www.bu.edu/dental,Private,English,1963
UW,University of Washington School of Dentistry,USA,Washington,Seattle,1959,NE Pacific Street,98195,https://dental.washington.edu,Public,English,1945
USC,University of Southern California Herman Ostrow School of Dentistry,USA,California,Los Angeles,925,West 34th Street,90089,https://dentistry.usc.edu,Private,English,1897
ATSU,A.T. Still University Arizona School of Dentistry,USA,Arizona,Mesa,5855,East Still Circle,85206,https://www.atsu.edu,Private,English,1892
MIDWESTERN,Midwestern University College of Dental Medicine,USA,Arizona,Glendale,19555,North 59th Avenue,85308,https://www.midwestern.edu,Private,English,1900
VCU,Virginia Commonwealth University School of Dentistry,USA,Virginia,Richmond,520,North 12th Street,23298,https://www.dentistry.vcu.edu,Public,English,1893
NOVA,Nova Southeastern University College of Dental Medicine,USA,Florida,Davie,3200,South University Drive,33328,https://dental.nova.edu,Private,English,1997
UF,University of Florida College of Dentistry,USA,Florida,Gainesville,1395,Center Drive,32610,https://dental.ufl.edu,Public,English,1972
MARQUETTE,Marquette University School of Dentistry,USA,Wisconsin,Milwaukee,1801,West Wisconsin Avenue,53233,https://www.marquette.edu/dentistry,Private,English,1907
CREIGHTON,Creighton University School of Dentistry,USA,Nebraska,Omaha,2500,California Plaza,68178,https://www.creighton.edu/dentistry,Private,English,1905
BAYLOR,Texas A&M University Baylor College of Dentistry,USA,Texas,Dallas,3302,Gaston Avenue,75246,https://dentistry.tamhsc.edu,Public,English,1905
OHSU,Oregon Health & Science University School of Dentistry,USA,Oregon,Portland,2730,SW Moody Avenue,97201,https://www.ohsu.edu/school-of-dentistry,Public,English,1898
UNLV,University of Nevada Las Vegas School of Dental Medicine,USA,Nevada,Las Vegas,1001,Shadow Lane,89106,https://www.unlv.edu/dental,Public,English,2002
LOUISVILLE,University of Louisville School of Dentistry,USA,Kentucky,Louisville,501,South Preston Street,40292,https://louisville.edu/dentistry,Public,English,1918
CDC,Centers for Disease Control and Prevention,USA,Georgia,Atlanta,1600,Clifton Road,30329,https://www.cdc.gov/dental-public-health-residency,Federal,English,1946
KCL,King's College London Dental Institute,UK,England,London,,Guy's Campus London Bridge,SE1 9RT,https://www.kcl.ac.uk/dentistry,Public,English,1799
UCL,University College London Eastman Dental Institute,UK,England,London,256,Gray's Inn Road,WC1X 8LD,https://www.ucl.ac.uk/eastman,Public,English,1947
QMUL,Queen Mary University of London Barts Dental Institute,UK,England,London,,Turner Street,E1 2AD,https://www.qmul.ac.uk/smd,Public,English,1785
BHAM,University of Birmingham School of Dentistry,UK,England,Birmingham,5,Mill Pool Way,B5 7EG,https://www.birmingham.ac.uk/schools/dentistry,Public,English,1901
BRISTOL,University of Bristol Dental School,UK,England,Bristol,,Lower Maudlin Street,BS1 2LY,https://www.bristol.ac.uk/dental,Public,English,1909
LEEDS,University of Leeds School of Dentistry,UK,England,Leeds,,Clarendon Way,LS2 9LU,https://medhealth.leeds.ac.uk/dentistry,Public,English,1884
LIVERPOOL,University of Liverpool School of Dental Surgery,UK,England,Liverpool,,Pembroke Place,L3 5PS,https://www.liverpool.ac.uk/dental,Public,English,1884
MANCHESTER,University of Manchester School of Dentistry,UK,England,Manchester,,Higher Cambridge Street,M15 6FH,https://www.manchester.ac.uk/study/masters/courses/list/dentistry,Public,English,1883
NEWCASTLE,Newcastle University School of Dental Sciences,UK,England,Newcastle,,Framlington Place,NE2 4BW,https://www.ncl.ac.uk/dental,Public,English,1895
PLYMOUTH,University of Plymouth Peninsula Dental School,UK,England,Plymouth,,John Bull Building,PL6 8BU,https://www.plymouth.ac.uk/schools-faculties/peninsula-schools,Public,English,2007
SHEFFIELD,University of Sheffield School of Clinical Dentistry,UK,England,Sheffield,,Claremont Crescent,S10 2TA,https://www.sheffield.ac.uk/dentalschool,Public,English,1965
UCLAN,University of Central Lancashire School of Dentistry,UK,England,Preston,,Adelphi Street,PR1 2HE,https://www.uclan.ac.uk/schools/dentistry,Public,English,2007
ABERDEEN,University of Aberdeen School of Medicine and Dentistry,UK,Scotland,Aberdeen,,Foresterhill,AB25 2ZD,https://www.abdn.ac.uk/smd,Public,English,1495
DUNDEE,University of Dundee School of Dentistry,UK,Scotland,Dundee,,Park Place,DD1 4HN,https://www.dundee.ac.uk/schools/dentistry,Public,English,1967
EDINBURGH,University of Edinburgh Edinburgh Dental Institute,UK,Scotland,Edinburgh,,Lauriston Place,EH3 9HA,https://www.ed.ac.uk/dentistry,Public,English,1879
GLASGOW,University of Glasgow School of Medicine Dentistry & Nursing,UK,Scotland,Glasgow,378,Sauchiehall Street,G2 3JZ,https://www.gla.ac.uk/schools/dental,Public,English,1879
CARDIFF,Cardiff University School of Dentistry,UK,Wales,Cardiff,,Heath Park,CF14 4XY,https://www.cardiff.ac.uk/dentistry,Public,English,1884
QUB,Queen's University Belfast School of Dentistry,UK,Northern Ireland,Belfast,,Grosvenor Road,BT12 6BP,https://www.qub.ac.uk/schools/mdbs,Public,English,1849
USYDNEY,University of Sydney School of Dentistry,Australia,New South Wales,Sydney,,2 Chalmers Street,2006,https://www.sydney.edu.au/medicine-health/schools/sydney-dental-school.html,Public,English,1901
UMELB,University of Melbourne Melbourne Dental School,Australia,Victoria,Melbourne,720,Swanston Street,3010,https://mdhs.unimelb.edu.au/dentistry,Public,English,1884
UQ,University of Queensland School of Dentistry,Australia,Queensland,Brisbane,288,Herston Road,4006,https://dentistry.uq.edu.au,Public,English,1963
ADELAIDE,University of Adelaide School of Dentistry,Australia,South Australia,Adelaide,,North Terrace,5005,https://www.adelaide.edu.au/dentistry,Public,English,1885
UWA,University of Western Australia School of Dentistry,Australia,Western Australia,Perth,,35 Stirling Highway,6009,https://www.uwa.edu.au/schools/dentistry,Public,English,1956
GRIFFITH,Griffith University School of Dentistry and Oral Health,Australia,Queensland,Gold Coast,,Parklands Drive,4222,https://www.griffith.edu.au/health/school-medicine-dentistry,Public,English,1971
JCU,James Cook University College of Medicine and Dentistry,Australia,Queensland,Cairns,1,James Cook Drive,4878,https://www.jcu.edu.au/medicine-and-dentistry,Public,English,1970
LATROBE,La Trobe University Dental School,Australia,Victoria,Bendigo,,Edwards Road,3552,https://www.latrobe.edu.au/courses/dentistry,Public,English,1967
CSU,Charles Sturt University School of Dentistry,Australia,New South Wales,Orange,,Leeds Parade,2800,https://study.csu.edu.au/courses/bachelor-dental-science,Public,English,1989
OTAGO,University of Otago Faculty of Dentistry,New Zealand,Otago,Dunedin,310,Great King Street,9016,https://www.otago.ac.nz/dentistry,Public,English,1907
SEMMELWEIS,Semmelweis University Faculty of Dentistry,Hungary,Budapest,Budapest,47,Szentkirályi Street,1088,https://semmelweis.hu/english,Public,English,1769
CHARLES,Charles University First Faculty of Medicine,Czech Republic,Prague,Prague,,Ovocný trh 560/5,116 36,https://www.cuni.cz/UKEN-1.html,Public,"English, Czech",1348
DEBRECEN,University of Debrecen Faculty of Dentistry,Hungary,Hajdú-Bihar,Debrecen,98,Nagyerdei körút,4032,https://dent.unideb.hu/en,Public,English,1538
PALACKY,Palacky University Faculty of Medicine and Dentistry,Czech Republic,Olomouc,Olomouc,,Hněvotínská 3,779 00,https://www.upol.cz/en,Public,"English, Czech",1573
KAUNAS,Lithuanian University of Health Sciences,Lithuania,Kaunas,Kaunas,7,Eiveniu Street,50161,https://lsmuni.lt/en,Public,English,1922
RSU,Riga Stradins University Faculty of Dentistry,Latvia,Riga,Riga,16,Dzirciema Street,1007,https://www.rsu.lv/en,Public,English,1950
SAFARIK,Pavol Jozef Safarik University Faculty of Medicine,Slovakia,Košice,Košice,1,Trieda SNP,040 11,https://www.upjs.sk/en,Public,English,1959
POZNAN,Poznan University of Medical Sciences,Poland,Greater Poland,Poznan,70,Bukowska Street,60-812,https://www.ump.edu.pl/en,Public,English,1919
WROCLAW,Wroclaw Medical University Faculty of Dentistry,Poland,Lower Silesia,Wroclaw,211,Borowska Street,50-556,https://www.umed.wroc.pl/en,Public,English,1945
WARSAW,Medical University of Warsaw Faculty of Medicine and Dentistry,Poland,Mazovian,Warsaw,61,Żwirki i Wigury Street,02-091,https://www.wum.edu.pl/en,Public,English,1809
SILESIA,Medical University of Silesia Faculty of Medical Sciences,Poland,Silesian,Katowice,18,Poniatowskiego Street,40-055,https://www.sum.edu.pl/en,Public,English,1948
TITU,Titu Maiorescu University Faculty of Dental Medicine,Romania,Bucharest,Bucharest,67A,Gheorghe Petraşcu Street,031593,https://www.utm.ro/en,Private,English,1990
GRIGORE,Grigore T. Popa University of Medicine and Pharmacy,Romania,Iași,Iași,16,Universității Street,700115,https://www.umfiasi.ro/en,Public,English,1879
SOFIA,Sofia Medical University Faculty of Dental Medicine,Bulgaria,Sofia,Sofia,15,Akademik Ivan Geshov Boulevard,1431,https://www.mu-sofia.bg/en,Public,English,1917
PLOVDIV,Plovdiv Medical University Faculty of Dental Medicine,Bulgaria,Plovdiv,Plovdiv,15A,Vassil Aprilov Boulevard,4002,https://www.mu-plovdiv.bg/en,Public,English,1945
TBILISI,European University Tbilisi Faculty of Medicine,Georgia,Tbilisi,Tbilisi,240,David Aghmashenebeli Alley,0112,https://eutvza.edu.ge/en,Private,"English, Georgian",2012
NEWVISION,New Vision University Faculty of Medicine,Georgia,Tbilisi,Tbilisi,1,Evgeni Mikeladze Street,0159,https://newvision.ge/en,Private,"English, Georgian",2013
AIETI,AIETI Medical University School of Dentistry,Georgia,Tbilisi,Tbilisi,6,Bochoridze Street,0177,https://aieti.edu.ge/en,Private,"English, Georgian",2009
UNIC,University of Nicosia Medical School,Cyprus,Nicosia,Nicosia,46,Makedonitissas Avenue,2417,https://www.unic.ac.cy/medical-school,Private,English,2011
EUCYPRUS,European University Cyprus School of Medicine,Cyprus,Nicosia,Nicosia,6,Diogenes Street,2404,https://euc.ac.cy/en,Private,"English, Greek",2007
UPARMA,University of Parma Department of Medicine and Surgery,Italy,Emilia-Romagna,Parma,14,Via Gramsci,43126,https://www.unipr.it/en,Public,"English, Italian",1117
CATANIA,University of Catania Department of Medical and Surgical Sciences,Italy,Sicily,Catania,87,Via Santa Sofia,95123,https://www.unict.it/en,Public,"English, Italian",1434
SAPIENZA,Sapienza University of Rome Department of Odontostomatological Sciences,Italy,Lazio,Rome,5,Piazzale Aldo Moro,00185,https://www.uniroma1.it/en,Public,"English, Italian",1303
ERASMUS,Erasmus University Rotterdam Erasmus MC,Netherlands,South Holland,Rotterdam,50,Burgemeester Oudlaan,3062 PA,https://www.erasmusmc.nl/en,Public,"English, Dutch",1913
VU,VU University Amsterdam Academic Centre for Dentistry,Netherlands,North Holland,Amsterdam,7,Gustav Mahlerlaan,1081 LA,https://www.vumc.nl/en,Public,"English, Dutch",1880
NIJMEGEN,Radboud University Nijmegen Medical Centre,Netherlands,Gelderland,Nijmegen,101,Geert Grooteplein,6525 GA,https://www.radboudumc.nl/en,Public,"English, Dutch",1923
GRONINGEN,University of Groningen University Medical Center Groningen,Netherlands,Groningen,Groningen,1,Hanzeplein,9713 GZ,https://www.rug.nl/umcg,Public,"English, Dutch",1614
CHARITÉ,Charité - Universitätsmedizin Berlin,Germany,Berlin,Berlin,450,Charitéplatz,10117,https://www.charite.de/en,Public,"English, German",1710
HEIDELBERG,Heidelberg University Hospital Department of Oral Surgery,Germany,Baden-Württemberg,Heidelberg,1,Im Neuenheimer Feld,69120,https://www.klinikum.uni-heidelberg.de/en,Public,"English, German",1386
MADRID,European University Madrid Faculty of Biomedical and Health Sciences,Spain,Madrid,Madrid,28,Calle Tajo,28670,https://universidadeuropea.com/en,Private,"English, Spanish",1995
VALENCIA,European University Valencia Faculty of Health Sciences,Spain,Valencia,Valencia,21,Passeig de l'Albereda,46010,https://universidadeuropea.com/en,Private,"English, Spanish",2008
COMPLUTENSE,Complutense University of Madrid Faculty of Dentistry,Spain,Madrid,Madrid,,Ciudad Universitaria,28040,https://www.ucm.es/english,Public,"English, Spanish",1293
BARCELONA,University of Barcelona Faculty of Medicine and Health Sciences,Spain,Catalonia,Barcelona,143,Casanova Street,08036,https://www.ub.edu/web/ub/en,Public,"English, Spanish",1450
CEU,CEU Cardenal Herrera University Faculty of Health Sciences,Spain,Valencia,Valencia,,Alfara del Patriarca,46113,https://www.uchceu.es/en,Private,"English, Spanish",1971