```csv
university_code,university_name,country,province_state,city,building_number,street,postal_code,website,type,language,established
ETH_ZURICH,ETH Zurich,Switzerland,Zurich,Zurich,1,Rämistrasse,8092,ethz.ch,Public,German;English,1855
EPFL,École polytechnique fédérale de Lausanne,Switzerland,Vaud,Lausanne,1,Route Cantonale,1015,epfl.ch,Public,French;English,1969
UNIV_ZURICH,University of Zurich,Switzerland,Zurich,Zurich,1,Rämistrasse,8006,uzh.ch,Public,German;English,1833
UNIV_BASEL,University of Basel,Switzerland,Basel-Stadt,Basel,1,Petersplatz,4003,unibas.ch,Public,German;English,1460
UNIV_BERN,University of Bern,Switzerland,Bern,Bern,1,Hochschulstrasse,3012,unibe.ch,Public,German;French;English,1834
UNIV_GENEVA,University of Geneva,Switzerland,Geneva,Geneva,1,Rue Général-Dufour,1211,unige.ch,Public,French;English,1559
UNIV_LAUSANNE,University of Lausanne,Switzerland,Vaud,Lausanne,1,Unicentre,1015,unil.ch,Public,French;English,1537
UNIV_FRIBOURG,University of Fribourg,Switzerland,Fribourg,Fribourg,1,Avenue de l'Europe,1700,unifr.ch,Public,French;German;English,1889
UNIV_NEUCHÂTEL,University of Neuchâtel,Switzerland,Neuchâtel,Neuchâtel,1,Avenue du 1er-Mars,2000,unine.ch,Public,French;English,1838
UNIV_ST_GALLEN,University of St. Gallen,Switzerland,St. Gallen,St. Gallen,1,Dufourstrasse,9000,unisg.ch,Public,German;English,1898
USI,Università della Svizzera italiana,Switzerland,Ticino,Lugano,1,Via Giuseppe Buffi,6900,usi.ch,Public,Italian;English,1996
TUM,Technical University of Munich,Germany,Bayern,Munich,1,Arcisstrasse,80333,tum.de,Public,German;English,1868
LMU_MUNICH,Ludwig Maximilian University Munich,Germany,Bayern,Munich,1,Geschwister-Scholl-Platz,80539,lmu.de,Public,German;English,1472
HEIDELBERG,Heidelberg University,Germany,Baden-Württemberg,Heidelberg,1,Grabengasse,69117,uni-heidelberg.de,Public,German;English,1386
HUMBOLDT_BERLIN,Humboldt University of Berlin,Germany,Berlin,Berlin,1,Unter den Linden,10117,hu-berlin.de,Public,German;English,1810
FREIE_BERLIN,Free University of Berlin,Germany,Berlin,Berlin,1,Kaiserswerther Str,14195,fu-berlin.de,Public,German;English,1948
TU_BERLIN,Technical University of Berlin,Germany,Berlin,Berlin,1,Straße des 17 Juni,10623,tu-berlin.de,Public,German;English,1770
RWTH_AACHEN,RWTH Aachen University,Germany,Nordrhein-Westfalen,Aachen,1,Templergraben,52062,rwth-aachen.de,Public,German;English,1870
UNIV_BONN,University of Bonn,Germany,Nordrhein-Westfalen,Bonn,1,Regina-Pacis-Weg,53113,uni-bonn.de,Public,German;English,1818
UNIV_COLOGNE,University of Cologne,Germany,Nordrhein-Westfalen,Cologne,1,Albertus-Magnus-Platz,50923,uni-koeln.de,Public,German;English,1388
UNIV_FRANKFURT,Goethe University Frankfurt,Germany,Hessen,Frankfurt,1,Theodor-W.-Adorno-Platz,60629,uni-frankfurt.de,Public,German;English,1914
UNIV_HAMBURG,University of Hamburg,Germany,Hamburg,Hamburg,1,Edmund-Siemers-Allee,20146,uni-hamburg.de,Public,German;English,1919
UNIV_GÖTTINGEN,University of Göttingen,Germany,Niedersachsen,Göttingen,1,Wilhelmsplatz,37073,uni-goettingen.de,Public,German;English,1737
KARLSRUHE_INST,Karlsruhe Institute of Technology,Germany,Baden-Württemberg,Karlsruhe,1,Kaiserstraße,76131,kit.edu,Public,German;English,1825
UNIV_TÜBINGEN,University of Tübingen,Germany,Baden-Württemberg,Tübingen,1,Wilhelmstraße,72074,uni-tuebingen.de,Public,German;English,1477
UNIV_FREIBURG,University of Freiburg,Germany,Baden-Württemberg,Freiburg,1,Fahnenbergplatz,79085,uni-freiburg.de,Public,German;English,1457
UNIV_DRESDEN,TU Dresden,Germany,Sachsen,Dresden,1,Helmholtzstraße,01069,tu-dresden.de,Public,German;English,1828
UNIV_LEIPZIG,University of Leipzig,Germany,Sachsen,Leipzig,1,Ritterstraße,04109,uni-leipzig.de,Public,German;English,1409
UNIV_WÜRZBURG,University of Würzburg,Germany,Bayern,Würzburg,1,Sanderring,97070,uni-wuerzburg.de,Public,German;English,1402
UNIV_ERLANGEN,University of Erlangen-Nuremberg,Germany,Bayern,Erlangen,1,Schlossplatz,91054,fau.de,Public,German;English,1743
UNIV_STUTTGART,University of Stuttgart,Germany,Baden-Württemberg,Stuttgart,1,Keplerstraße,70174,uni-stuttgart.de,Public,German;English,1829
UNIV_MÜNSTER,University of Münster,Germany,Nordrhein-Westfalen,Münster,1,Schlossplatz,48149,uni-muenster.de,Public,German;English,1780
UNIV_MANNHEIM,University of Mannheim,Germany,Baden-Württemberg,Mannheim,1,Schloss,68131,uni-mannheim.de,Public,German;English,1907
UNIV_MAINZ,Johannes Gutenberg University Mainz,Germany,Rheinland-Pfalz,Mainz,1,Saarstraße,55099,uni-mainz.de,Public,German;English,1477
UNIV_KIEL,University of Kiel,Germany,Schleswig-Holstein,Kiel,1,Christian-Albrechts-Platz,24118,uni-kiel.de,Public,German;English,1665
UNIV_BAYREUTH,University of Bayreuth,Germany,Bayern,Bayreuth,1,Universitätsstraße,95440,uni-bayreuth.de,Public,German;English,1975
UNIV_BREMEN,University of Bremen,Germany,Bremen,Bremen,1,Bibliothekstraße,28359,uni-bremen.de,Public,German;English,1971
UNIV_KONSTANZ,University of Konstanz,Germany,Baden-Württemberg,Konstanz,1,Universitätsstraße,78464,uni-konstanz.de,Public,German;English,1966
UNIV_ULM,University of Ulm,Germany,Baden-Württemberg,Ulm,1,Albert-Einstein-Allee,89081,uni-ulm.de,Public,German;English,1967
SORBONNE,Sorbonne University,France,Île-de-France,Paris,1,Rue Victor Cousin,75005,sorbonne-universite.fr,Public,French;English,1257
ENS_PARIS,École Normale Supérieure,France,Île-de-France,Paris,1,Rue d'Ulm,75005,ens.psl.eu,Public,French;English,1794
ECOLE_POLYTECHNIQUE,École Polytechnique,France,Île-de-France,Palaiseau,1,Route de Saclay,91128,polytechnique.edu,Public,French;English,1794
PARIS_SACLAY,Paris-Saclay University,France,Île-de-France,Gif-sur-Yvette,1,Rue André Ampère,91405,universite-paris-saclay.fr,Public,French;English,2020
SCIENCES_PO,Sciences Po,France,Île-de-France,Paris,1,Rue Saint-Guillaume,75007,sciencespo.fr,Private,French;English,1872
PSL,Paris Sciences et Lettres University,France,Île-de-France,Paris,1,Place Marcelin Berthelot,75005,psl.eu,Public,French;English,2010
UNIV_LYON,University of Lyon,France,Auvergne-Rhône-Alpes,Lyon,1,Rue de l'Université,69007,univ-lyon1.fr,Public,French;English,1896
UNIV_MARSEILLE,Aix-Marseille University,France,Provence-Alpes-Côte d'Azur,Marseille,1,Place Victor Hugo,13331,univ-amu.fr,Public,French;English,1409
UNIV_STRASBOURG,University of Strasbourg,France,Grand Est,Strasbourg,1,Rue René Descartes,67084,unistra.fr,Public,French;German;English,1538
UNIV_TOULOUSE,University of Toulouse,France,Occitanie,Toulouse,1,Allée Jules Guesde,31062,univ-tlse3.fr,Public,French;English,1229
UNIV_BORDEAUX,University of Bordeaux,France,Nouvelle-Aquitaine,Bordeaux,1,Cours de la Libération,33405,u-bordeaux.fr,Public,French;English,1441
UNIV_LILLE,University of Lille,France,Hauts-de-France,Lille,1,Cité Scientifique,59655,univ-lille.fr,Public,French;English,1562
UNIV_NANTES,University of Nantes,France,Pays de la Loire,Nantes,1,Quai de Tourville,44035,univ-nantes.fr,Public,French;English,1961
UNIV_RENNES,University of Rennes,France,Bretagne,Rennes,1,Place du Recteur Henri Le Moal,35043,univ-rennes1.fr,Public,French;English,1461
UNIV_GRENOBLE,University of Grenoble Alpes,France,Auvergne-Rhône-Alpes,Grenoble,1,Rue de la Houssinière,38058,univ-grenoble-alpes.fr,Public,French;English,1339
UNIV_MONTPELLIER,University of Montpellier,France,Occitanie,Montpellier,1,Rue de l'École de Médecine,34090,umontpellier.fr,Public,French;English,1289
UNIV_NICE,University of Nice Sophia Antipolis,France,Provence-Alpes-Côte d'Azur,Nice,1,Avenue Valrose,06108,univ-cotedazur.fr,Public,French;English,1965
UNIV_PARIS_DAUPHINE,Paris Dauphine University,France,Île-de-France,Paris,1,Place du Maréchal de Lattre de Tassigny,75775,dauphine.psl.eu,Public,French;English,1968
BOCCONI,Bocconi University,Italy,Lombardy,Milan,1,Via Sarfatti,20136,unibocconi.it,Private,Italian;English,1902
UNIV_BOLOGNA,University of Bologna,Italy,Emilia-Romagna,Bologna,1,Via Zamboni,40126,unibo.it,Public,Italian;English,1088
SAPIENZA,Sapienza University of Rome,Italy,Lazio,Rome,1,Piazzale Aldo Moro,00185,uniroma1.it,Public,Italian;English,1303
UNIV_MILAN,University of Milan,Italy,Lombardy,Milan,1,Via Festa del Perdono,20122,unimi.it,Public,Italian;English,1924
POLYTECHNIC_MILAN,Polytechnic University of Milan,Italy,Lombardy,Milan,1,Piazza Leonardo da Vinci,20133,polimi.it,Public,Italian;English,1863
UNIV_PADUA,University of Padua,Italy,Veneto,Padua,1,Via 8 Febbraio,35122,unipd.it,Public,Italian;English,1222
UNIV_PISA,University of Pisa,Italy,Tuscany,Pisa,1,Lungarno Pacinotti,56126,unipi.it,Public,Italian;English,1343
UNIV_FLORENCE,University of Florence,Italy,Tuscany,Florence,1,Piazza San Marco,50121,unifi.it,Public,Italian;English,1321
UNIV_TURIN,University of Turin,Italy,Piedmont,Turin,1,Via Verdi,10124,unito.it,Public,Italian;English,1404
UNIV_NAPLES,University of Naples Federico II,Italy,Campania,Naples,1,Corso Umberto I,80138,unina.it,Public,Italian;English,1224
UNIV_ROME_TOR_VERGATA,University of Rome Tor Vergata,Italy,Lazio,Rome,1,Via della Ricerca Scientifica,00133,uniroma2.it,Public,Italian;English,1982
LUISS,LUISS University,Italy,Lazio,Rome,1,Viale Romania,00197,luiss.it,Private,Italian;English,1977
UNIV_MILAN_BICOCCA,University of Milan-Bicocca,Italy,Lombardy,Milan,1,Piazza dell'Ateneo Nuovo,20126,unimib.it,Public,Italian;English,1998
UNIV_TRENTO,University of Trento,Italy,Trentino-Alto Adige,Trento,1,Via Sommarive,38123,unitn.it,Public,Italian;German;English,1962
UNIV_TRIESTE,University of Trieste,Italy,Friuli-Venezia Giulia,Trieste,1,Piazzale Europa,34127,units.it,Public,Italian;English,1924
UNIV_COMPLUTENSE,Complutense University of Madrid,Spain,Madrid,Madrid,1,Avenida Séneca,28040,ucm.es,Public,Spanish;English,1293
UNIV_BARCELONA,University of Barcelona,Spain,Catalonia,Barcelona,1,Gran Via de les Corts Catalanes,08007,ub.edu,Public,Spanish;Catalan;English,1450
AUTONOMOUS_BARCELONA,Autonomous University of Barcelona,Spain,Catalonia,Barcelona,1,Plaça Cívica,08193,uab.cat,Public,Spanish;Catalan;English,1968
AUTONOMOUS_MADRID,Autonomous University of Madrid,Spain,Madrid,Madrid,1,Ciudad Universitaria de Cantoblanco,28049,uam.es,Public,Spanish;English,1968
UNIV_VALENCIA,University of Valencia,Spain,Valencia,Valencia,1,Avenida Blasco Ibáñez,46010,uv.es,Public,Spanish;Valencian;English,1499
UNIV_GRANADA,University of Granada,Spain,Andalusia,Granada,1,Cuesta del Hospicio,18071,ugr.es,Public,Spanish;English,1531
UNIV_SALAMANCA,University of Salamanca,Spain,Castile and León,Salamanca,1,Patio de Escuelas,37008,usal.es,Public,Spanish;English,1218
POLYTECHNIC_MADRID,Polytechnic University of Madrid,Spain,Madrid,Madrid,1,Ramiro de Maeztu,28040,upm.es,Public,Spanish;English,1971
POLYTECHNIC_CATALONIA,Polytechnic University of Catalonia,Spain,Catalonia,Barcelona,1,Jordi Girona,08034,upc.edu,Public,Spanish;Catalan;English,1971
UNIV_SEVILLE,University of Seville,Spain,Andalusia,Seville,1,Calle San Fernando,41004,us.es,Public,Spanish;English,1505
CARLOS_III_MADRID,Carlos III University of Madrid,Spain,Madrid,Madrid,1,Calle Madrid,28903,uc3m.es,Public,Spanish;English,1989
POMPEU_FABRA,Pompeu Fabra University,Spain,Catalonia,Barcelona,1,Plaça de la Mercè,08002,upf.edu,Public,Spanish;Catalan;English,1990
IE_UNIVERSITY,IE University,Spain,Castile and León,Segovia,1,Cardenal Zúñiga,40003,ie.edu,Private,Spanish;English,1997
ESADE,ESADE Business School,Spain,Catalonia,Barcelona,1,Avinguda de la Torre Blanca,08172,esade.edu,Private,Spanish;Catalan;English,1958
IESE,IESE Business School,Spain,Catalonia,Barcelona,1,Avinguda Pearson,08034,iese.edu,Private,Spanish;English,1958
UNIV_AMSTERDAM,University of Amsterdam,Netherlands,North Holland,Amsterdam,1,Spui,1012,uva.nl,Public,Dutch;English,1632
DELFT_UNIV_TECH,Delft University of Technology,Netherlands,South Holland,Delft,1,Stevinweg,2628,tudelft.nl,Public,Dutch;English,1842
EINDHOVEN_UNIV_TECH,Eindhoven University of Technology,Netherlands,North Brabant,Eindhoven,1,Den Dolech,5612,tue.nl,Public,Dutch;English,1956
LEIDEN_UNIV,Leiden University,Netherlands,South Holland,Leiden,1,Rapenburg,2311,leidenuniv.nl,Public,Dutch;English,1575
UTRECHT_UNIV,Utrecht University,Netherlands,Utrecht,Utrecht,1,Heidelberglaan,3584,uu.nl,Public,Dutch;English,1636
ERASMUS_ROTTERDAM,Erasmus University Rotterdam,Netherlands,South Holland,Rotterdam,1,Burgemeester Oudlaan,3062,eur.nl,Public,Dutch;English,1913
GRONINGEN_UNIV,University of Groningen,Netherlands,Groningen,Groningen,1,Broerstraat,9712,rug.nl,Public,Dutch;English,1614
RADBOUD_UNIV,Radboud University,Netherlands,Gelderland,Nijmegen,1,Heyendaalseweg,6525,ru.nl,Public,Dutch;English,1923
TILBURG_UNIV,Tilburg University,Netherlands,North Brabant,Tilburg,1,Warandelaan,5037,tilburguniversity.edu,Public,Dutch;English,1927
WAGENINGEN_UNIV,Wageningen University,Netherlands,Gelderland,Wageningen,1,Droevendaalsesteeg,6708,wur.nl,Public,Dutch;English,1918
TWENTE_UNIV,University of Twente,Netherlands,Overijssel,Enschede,1,Drienerlolaan,7522,utwente.nl,Public,Dutch;English,1961
VU_AMSTERDAM,VU Amsterdam,Netherlands,North Holland,Amsterdam,1,De Boelelaan,1081,vu.nl,Public,Dutch;English,1880
MAASTRICHT_UNIV,Maastricht University,Netherlands,Limburg,Maastricht,1,Minderbroedersberg,6211,maastrichtuniversity.nl,Public,Dutch;English,1976
UNIV_COPENHAGEN,University of Copenhagen,Denmark,Capital Region,Copenhagen,1,Nørregade,1165,ku.dk,Public,Danish;English,1479
AARHUS_UNIV,Aarhus University,Denmark,Central Denmark,Aarhus,1,Nordre Ringgade,8000,au.dk,Public,Danish;English,1928
DTU,Technical University of Denmark,Denmark,Capital Region,Lyngby,1,Anker Engelunds Vej,2800,dtu.dk,Public,Danish;English,1829
COPENHAGEN_BUSINESS,Copenhagen Business School,Denmark,Capital Region,Frederiksberg,1,Solbjerg Plads,2000,cbs.dk,Public,Danish;English,1917
ROSKILDE_UNIV,Roskilde University,Denmark,Zealand,Roskilde,1,Universitetsvej,4000,ruc.dk,Public,Danish;English,1972
AALBORG_UNIV,Aalborg University,Denmark,North Denmark,Aalborg,1,Fredrik Bajers Vej,9220,aau.dk,Public,Danish;English,1974
SOUTHERN_DENMARK,University of Southern Denmark,Denmark,Southern Denmark,Odense,1,Campusvej,5230,sdu.dk,Public,Danish;English,1998
IT_UNIV_COPENHAGEN,IT University of Copenhagen,Denmark,Capital Region,Copenhagen,1,Rued Langgaards Vej,2300,itu.dk,Public,Danish;English,1999
KAROLINSKA,Karolinska Institute,Sweden,Stockholm,Stockholm,1,Nobels väg,171,ki.se,Public,Swedish;English,1810
KTH,KTH Royal Institute of Technology,Sweden,Stockholm,Stockholm,1,Valhallavägen,100,kth.se,Public,Swedish;English,1827
STOCKHOLM_UNIV,Stockholm University,Sweden,Stockholm,Stockholm,1,Universitetsvägen,106,su.se,Public,Swedish;English,1878
UPPSALA_UNIV,Uppsala University,Sweden,Uppsala,Uppsala,1,Dag Hammarskjölds väg,751,uu.se,Public,Swedish;English,1477
LUND_UNIV,Lund University,Sweden,Skåne,Lund,1,Paradisgatan,223,lu.se,Public,Swedish;English,1666
CHALMERS,Chalmers University of Technology,Sweden,Västra Götaland,Gothenburg,1,Chalmersplatsen,412,chalmers.se,Public,Swedish;English,1829
GOTHENBURG_UNIV,University of Gothenburg,Sweden,Västra Götaland,Gothenburg,1,Vasagatan,405,gu.se,Public,Swedish;English,1891
LINKÖPING_UNIV,Linköping University,Sweden,Östergötland,Linköping,1,Campus Valla,581,liu.se,Public,Swedish;English,1975
UMEÅ_UNIV,Umeå University,Sweden,Västerbotten,Umeå,1,Universitetsgatan,901,umu.se,Public,Swedish;English,1965
STOCKHOLM_SCHOOL_ECON,Stockholm School of Economics,Sweden,Stockholm,Stockholm,1,Sveavägen,113,hhs.se,Private,Swedish;English,1909
KARLSTAD_UNIV,Karlstad University,Sweden,Värmland,Karlstad,1,Universitetsgatan,651,kau.se,Public,Swedish;English,1977
MALMÖ_UNIV,Malmö University,Sweden,Skåne,Malmö,1,Nordenskiöldsgatan,205,mau.se,Public,Swedish;English,1998
UNIV_OSLO,University of Oslo,Norway,Oslo,Oslo,1,Problemveien,0315,uio.no,Public,Norwegian;English,1811
NTNU,Norwegian University of Science and Technology,Norway,Trøndelag,Trondheim,1,Høgskoleringen,7491,ntnu.no,Public,Norwegian;English,1996
UNIV_BERGEN,University of Bergen,Norway,Vestland,Bergen,1,Muséplass,5007,uib.no,Public,Norwegian;English,1946
UNIV_TROMSØ,UiT The Arctic University of Norway,Norway,Troms og Finnmark,Tromsø,1,Hansine Hansens veg,9019,uit.no,Public,Norwegian;English;Sami,1968
NORWEGIAN_SCHOOL_ECON,Norwegian School of Economics,Norway,Vestland,Bergen,1,Helleveien,5045,nhh.no,Public,Norwegian;English,1936
UNIV_STAVANGER,University of Stavanger,Norway,Rogaland,Stavanger,1,Universitetsveien,4036,uis.no,Public,Norwegian;English,2005
UNIV_AGDER,University of Agder,Norway,Agder,Kristiansand,1,Universitetsveien,4630,uia.no,Public,Norwegian;English,2007
NORWEGIAN_UNIV_LIFE_SCI,Norwegian University of Life Sciences,Norway,Viken,Ås,1,Universitetstunet,1433,nmbu.no,Public,Norwegian;English,1859
BI_NORWEGIAN,BI Norwegian Business School,Norway,Oslo,Oslo,1,Nydalsveien,0484,bi.no,Private,Norwegian;English,1943
UNIV_HELSINKI,University of Helsinki,Finland,Uusimaa,Helsinki,1,Yliopistonkatu,00014,helsinki.fi,Public,Finnish;Swedish;English,1640
AALTO_UNIV,Aalto University,Finland,Uusimaa,Espoo,1,Otakaari,02150,aalto.fi,Public,Finnish;Swedish;English,2010
UNIV_TURKU,University of Turku,Finland,Southwest Finland,Turku,1,Yliopistokatu,20014,utu.fi,Public,Finnish;Swedish;English,1920
UNIV_OULU,University of Oulu,Finland,North Ostrobothnia,Oulu,1,Pentti Kaiteran katu,90014,oulu.fi,Public,Finnish;English,1958
UNIV_TAMPERE,University of Tampere,Finland,Pirkanmaa,Tampere,1,Kalevantie,33014,tuni.fi,Public,Finnish;English,1925
UNIV_JYVÄSKYLÄ,University of Jyväskylä,Finland,Central Finland,Jyväskylä,1,Seminaarinkatu,40014,jyu.fi,Public,Finnish;English,1863
UNIV_EASTERN_FINLAND,University of Eastern Finland,Finland,North Karelia,Joensuu,1,Yliopistokatu,80101,uef.fi,Public,Finnish;English,2010
HANKEN,Hanken School of Economics,Finland,Uusimaa,Helsinki,1,Arkadiankatu,00101,hanken.fi,Private,Swedish;Finnish;English,1909
LAPPEENRANTA_UNIV,LUT University,Finland,South Karelia,Lappeenranta,1,Yliopistonkatu,53850,lut.fi,Public,Finnish;English,1969
ÅBO_AKADEMI,Åbo Akademi University,Finland,Southwest Finland,Turku,1,Domkyrkotorget,20500,abo.fi,Private,Swedish;Finnish;English,1918
UNIV_ICELAND,University of Iceland,Iceland,Capital Region,Reykjavik,1,Háskólatorg,101,hi.is,Public,Icelandic;English,1911
REYKJAVIK_UNIV,Reykjavik University,Iceland,Capital Region,Reykjavik,1,Menntavegur,102,ru.is,Private,Icelandic;English,1998
ICELAND_UNIV_ARTS,Iceland University of the Arts,Iceland,Capital Region,Reykjavik,1,Laugarnesvegur,105,lhi.is,Public,Icelandic;English,1999
UNIV_VIENNA,University of Vienna,Austria,Vienna,Vienna,1,Universitätsring,1010,univie.ac.at,Public,German;English,1365
TU_VIENNA,Vienna University of Technology,Austria,Vienna,Vienna,1,Karlsplatz,1040,tuwien.ac.at,Public,German;English,1815
WIRTSCHAFTSUNIVERSITÄT_WIEN,WU Vienna University of Economics and Business,Austria,Vienna,Vienna,1,Welthandelsplatz,1020,wu.ac.at,Public,German;English,1898
UNIV_GRAZ,University of Graz,Austria,Styria,Graz,1,Universitätsplatz,8010,uni-graz.at,Public,German;English,1585
TU_GRAZ,Graz University of Technology,Austria,Styria,Graz,1,Rechbauerstraße,8010,tugraz.at,Public,German;English,1811
UNIV_INNSBRUCK,University of Innsbruck,Austria,Tyrol,Innsbruck,1,Innrain,6020,uibk.ac.at,Public,German;English,1669
SALZBURG_UNIV,University of Salzburg,Austria,Salzburg,Salzburg,1,Kapitelgasse,5020,plus.ac.at,Public,German;English,1622
JOHANNES_KEPLER_LINZ,Johannes Kepler University Linz,Austria,Upper Austria,Linz,1,Altenberger Straße,4040,jku.at,Public,German;English,1966
UNIV_LEUVEN,KU Leuven,Belgium,Flemish Brabant,Leuven,1,Oude Markt,3000,kuleuven.be,Private,Dutch;English,1425
UNIV_GHENT,Ghent University,Belgium,East Flanders,Ghent,1,Sint-Pietersnieuwstraat,9000,ugent.be,Public,Dutch;English,1817
UNIV_BRUSSELS_VUB,Vrije Universiteit Brussel,Belgium,Brussels,Brussels,1,Pleinlaan,1050,vub.be,Private,Dutch;English,1970
UNIV_LIÈGE,University of Liège,Belgium,Liège,Liège,1,Place du 20-Août,4000,uliege.be,Public,French;English,1817
UCL_BELGIUM,Université catholique de Louvain,Belgium,Walloon Brabant,Louvain-la-Neuve,1,Place de l'Université,1348,uclouvain.be,Private,French;English,1834
UNIV_ANTWERP,University of Antwerp,Belgium,Antwerp,Antwerp,1,Grote Markt,2000,uantwerpen.be,Public,Dutch;English,2003
UNIV_HASSELT,Hasselt University,Belgium,Limburg,Hasselt,1,Martelarenlaan,3500,uhasselt.be,Public,Dutch;English,1971
ULB,Université libre de Bruxelles,Belgium,Brussels,Brussels,1,Avenue Franklin Roosevelt,1050,ulb.be,Private,French;English,1834
UNIV_MONS,University of Mons,Belgium,Hainaut,Mons,1,Place du Parc,7000,umons.ac.be,Public,French;English,1965
WARSAW_UNIV,University of Warsaw,Poland,Masovian,Warsaw,1,Krakowskie Przedmieście,00927,uw.edu.pl,Public,Polish;English,1816
JAGIELLONIAN,Jagiellonian University,Poland,Lesser Poland,Kraków,1,Gołębia,31007,uj.edu.pl,Public,Polish;English,1364
WARSAW_TECH,Warsaw University of Technology,Poland,Masovian,Warsaw,1,Plac Politechniki,00661,pw.edu.pl,Public,Polish;English,1915
AGH_KRAKOW,AGH University of Science and Technology,Poland,Lesser Poland,Kraków,1,Mickiewicza,30059,agh.edu.pl,Public,Polish;English,1919
WROCŁAW_UNIV,University of Wrocław,Poland,Lower Silesian,Wrocław,1,Uniwersytecka,50137,uni.wroc.pl,Public,Polish;English,1702
GDANSK_TECH,Gdansk University of Technology,Poland,Pomeranian,Gdansk,1,Narutowicza,80233,pg.edu.pl,Public,Polish;English,1904
POZNAŃ_UNIV,Adam Mickiewicz University,Poland,Greater Poland,Poznań,1,Wieniawskiego,61712,amu.edu.pl,Public,Polish;English,1919
SILESIA_UNIV,University of Silesia,Poland,Silesian,Katowice,1,Bankowa,40007,us.edu.pl,Public,Polish;English,1968
LODZ_TECH,Lodz University of Technology,Poland,Łódź,Łódź,1,Żeromskiego,90924,p.lodz.pl,Public,Polish;English,1945
CHARLES_UNIV,Charles University,Czech Republic,Prague,Prague,1,Ovocný trh,116000,cuni.cz,Public,Czech;English,1348
CZECH_TECH,Czech Technical University in Prague,Czech Republic,Prague,Prague,1,Thákurova,16629,cvut.cz,Public,Czech;English,1707
MASARYK_UNIV,Masaryk University,Czech Republic,South Moravian,Brno,1,Žerotínovo náměstí,60177,muni.cz,Public,Czech;English,1919
BRNO_TECH,Brno University of Technology,Czech Republic,South Moravian,Brno,1,Antonínská,60190,vutbr.cz,Public,Czech;English,1899
PALACKÝ_UNIV,Palacký University Olomouc,Czech Republic,Olomouc,Olomouc,1,Křížkovského,77147,upol.cz,Public,Czech;English,1573
VŠE_PRAGUE,Prague University of Economics and Business,Czech Republic,Prague,Prague,1,Náměstí Winstona Churchilla,13067,vse.cz,Public,Czech;English,1953
COMENIUS_UNIV,Comenius University in Bratislava,Slovakia,Bratislava,Bratislava,1,Šafárikovo námestie,81499,uniba.sk,Public,Slovak;English,1919
SLOVAK_TECH,Slovak University of Technology,Slovakia,Bratislava,Bratislava,1,Vazovova,81243,stuba.sk,Public,Slovak;English,1937
TECHNICAL_KOŠICE,Technical University of Košice,Slovakia,Košice,Košice,1,Letná,04200,tuke.sk,Public,Slovak;English,1952
UNIV_ŽILINA,University of Žilina,Slovakia,Žilina,Žilina,1,Univerzitná,01026,uniza.sk,Public,Slovak;English,1953
EÖTVÖS_LORÁND,Eötvös Loránd University,Hungary,Budapest,Budapest,1,Egyetem tér,1053,elte.hu,Public,Hungarian;English,1635
BUDAPEST_TECH,Budapest University of Technology and Economics,Hungary,Budapest,Budapest,1,Műegyetem rkpt,1111,bme.hu,Public,Hungarian;English,1782
CENTRAL_EUROPEAN_UNIV,Central European University,Hungary,Budapest,Budapest,1,Nádor utca,1051,ceu.edu,Private,English,1991
CORVINUS_BUDAPEST,Corvinus University of Budapest,Hungary,Budapest,Budapest,1,Fővám tér,1093,uni-corvinus.hu,Public,Hungarian;English,1920
UNIV_DEBRECEN,University of Debrecen,Hungary,Hajdú-Bihar,Debrecen,1,Egyetem tér,4032,unideb.hu,Public,Hungarian;English,1538
UNIV_SZEGED,University of Szeged,Hungary,Csongrád-Csanád,Szeged,1,Dugonics tér,6720,u-szeged.hu,Public,Hungarian;English,1921
UNIV_PÉCS,University of Pécs,Hungary,Baranya,Pécs,1,Vasvári Pál utca,7622,pte.hu,Public,Hungarian;English,1367
UNIV_LJUBLJANA,University of Ljubljana,Slovenia,Ljubljana,Ljubljana,1,Kongresni trg,1000,uni-lj.si,Public,Slovene;English,1919
UNIV_MARIBOR,University of Maribor,Slovenia,Maribor,Maribor,1,Slomškov trg,2000,um.si,Public,Slovene;English,1975
UNIV_PRIMORSKA,University of Primorska,Slovenia,Koper,Koper,1,Titov trg,6000,upr.si,Public,Slovene;Italian;English,2003
UNIV_ZAGREB,University of Zagreb,Croatia,Zagreb,Zagreb,1,Trg Republike Hrvatske,10000,unizg.hr,Public,Croatian;English,1669
UNIV_SPLIT,University of Split,Croatia,Split,Split,1,Livanjska,21000,unist.hr,Public,Croatian;English,1974
UNIV_RIJEKA,University of Rijeka,Croatia,Rijeka,Rijeka,1,Trsat,51000,uniri.hr,Public,Croatian;English,1973
UNIV_BELGRADE,University of Belgrade,Serbia,Belgrade,Belgrade,1,Studentski trg,11000,bg.ac.rs,Public,Serbian;English,1808
UNIV_NOVI_SAD,University of Novi Sad,Serbia,Novi Sad,Novi Sad,1,Trg Dositeja Obradovića,21000,uns.ac.rs,Public,Serbian;English,1960
UNIV_KRAGUJEVAC,University of Kragujevac,Serbia,Kragujevac,Kragujevac,1,Jovan Cvijić,34000,kg.ac.rs,Public,Serbian;English,1976
UNIV_SARAJEVO,University of Sarajevo,Bosnia and Herzegovina,Sarajevo,Sarajevo,1,Obala Kulina bana,71000,unsa.ba,Public,Bosnian;Croatian;Serbian;English,1949
UNIV_BUCHAREST,University of Bucharest,Romania,Bucharest,Bucharest,1,Bulevardul Regina Elisabeta,030018,unibuc.ro,Public,Romanian;English,1864
POLYTECHNIC_BUCHAREST,Polytechnic University of Bucharest,Romania,Bucharest,Bucharest,1,Splaiul Independenței,060042,upb.ro,Public,Romanian;English,1864
BABEȘ_BOLYAI,Babeș-Bolyai University,Romania,Cluj-Napoca,Cluj-Napoca,1,Strada Mihail Kogălniceanu,400084,ubbcluj.ro,Public,Romanian;Hungarian;German;English,1581
UNIV_SOFIA,Sofia University,Bulgaria,Sofia,Sofia,1,Tsar Osvoboditel Boulevard,1504,uni-sofia.bg,Public,Bulgarian;English,1888
TECHNICAL_UNIV_SOFIA,Technical University of Sofia,Bulgaria,Sofia,Sofia,1,Kliment Ohridski Boulevard,1756,tu-sofia.bg,Public,Bulgarian;English,1945
UNIV_PLOVDIV,University of Plovdiv,Bulgaria,Plovdiv,Plovdiv,1,Tsar Asen,4000,uni-plovdiv.bg,Public,Bulgarian;English,1961
ATHENS_UNIV,National and Kapodistrian University of Athens,Greece,Athens,Athens,1,Panepistimioupolis,15784,uoa.gr,Public,Greek;English,1837
ARISTOTLE_THESSALONIKI,Aristotle University of Thessaloniki,Greece,Thessaloniki,Thessaloniki,1,University Campus,54124,auth.gr,Public,Greek;English,1925
ATHENS_TECH,National Technical University of Athens,Greece,Athens,Athens,1,Iroon Polytechniou,15780,ntua.gr,Public,Greek;English,1837
UNIV_PATRAS,University of Patras,Greece,Patras,Patras,1,University Campus,26504,upatras.gr,Public,Greek;English,1964
UNIV_CRETE,University of Crete,Greece,Heraklion,Heraklion,1,Voutes Campus,70013,uoc.gr,Public,Greek;English,1973
ALBA,ALBA Graduate Business School,Greece,Athens,Athens,1,Xenias,11528,alba.edu.gr,Private,Greek;English,1992
MOSCOW_STATE,Moscow State University,Russia,Moscow,Moscow,1,Leninskie Gory,119991,msu.ru,Public,Russian;English,1755
ST_PETERSBURG_STATE,Saint Petersburg State University,Russia,St. Petersburg,St. Petersburg,1,Universitetskaya Embankment,199034,spbu.ru,Public,Russian;English,1724
BAUMAN_MOSCOW_TECH,Bauman Moscow State Technical University,Russia,Moscow,Moscow,1,2nd Baumanskaya Street,105005,bmstu.ru,Public,Russian;English,1830
SKOLTECH,Skolkovo Institute of Science and Technology,Russia,Moscow,Moscow,1,Bolshoy Boulevard,121205,skoltech.ru,Private,Russian;English,2011
HSE_MOSCOW,HSE University,Russia,Moscow,Moscow,1,Myasnitskaya Street,101000,hse.ru,Public,Russian;English,1992
MIPT,Moscow Institute of Physics and Technology,Russia,Dolgoprudny,Dolgoprudny,1,Institutskiy Pereulok,141701,mipt.ru,Public,Russian;English,1946
UNIV_TARTU,University of Tartu,Estonia,Tartu,Tartu,1,Ülikooli,50090,ut.ee,Public,Estonian;English,1632
TALLINN_TECH,Tallinn University of Technology,Estonia,Tallinn,Tallinn,1,Ehitajate tee,19086,taltech.ee,Public,Estonian;English,1918
RIGA_TECH,Riga Technical University,Latvia,Riga,Riga,1,Kalku,1658,rtu.lv,Public,Latvian;English,1862
UNIV_LATVIA,University of Latvia,Latvia,Riga,Riga,1,Raiņa bulvāris,1586,lu.lv,Public,Latvian;English,1919
VILNIUS_UNIV,Vilnius University,Lithuania,Vilnius,Vilnius,1,Universiteto,01513,vu.lt,Public,Lithuanian;English,1579
KAUNAS_TECH,Kaunas University of Technology,Lithuania,Kaunas,Kaunas,1,Studentų,51368,ktu.lt,Public,Lithuanian;English,1922
VYTAUTAS_MAGNUS,Vytautas Magnus University,Lithuania,Kaunas,Kaunas,1,Jonavos,44248,vdu.lt,Public,Lithuanian;English,1922
UNIV_MALTA,University of Malta,Malta,Msida,Msida,1,Triq il-Saqqajja,MSD2080,um.edu.mt,Public,Maltese;English,1769
UNIV_CYPRUS,University of Cyprus,Cyprus,Nicosia,Nicosia,1,Kallipoleos,1678,ucy.ac.cy,Public,Greek;Turkish;English,1989
CYPRUS_TECH,Cyprus University of Technology,Cyprus,Limassol,Limassol,1,Archiepiskopou Kyprianou,3036,cut.ac.cy,Public,Greek;English,2004
UNIV_PORTO,University of Porto,Portugal,Porto,Porto,1,Praça de Gomes Teixeira,4099,up.pt,Public,Portuguese;English,1911
UNIV_LISBON,University of Lisbon,Portugal,Lisbon,Lisbon,1,Alameda da Universidade,1649,ulisboa.pt,Public,Portuguese;English,1911
UNIV_COIMBRA,University of Coimbra,Portugal,Coimbra,Coimbra,1,Paço das Escolas,3004,uc.pt,Public,Portuguese;English,1290
NOVA_LISBON,NOVA University Lisbon,Portugal,Lisbon,Lisbon,1,Campus de Campolide,1099,unl.pt,Public,Portuguese;English,1973
UNIV_AVEIRO,University of Aveiro,Portugal,Aveiro,Aveiro,1,Campus Universitário de Santiago,3810,ua.pt,Public,Portuguese;English,1973
UNIV_MINHO,University of Minho,Portugal,Braga,Braga,1,Largo do Paço,4704,uminho.pt,Public,Portuguese;English,1973
CATOLICA_PORTUGUESA,Católica Lisbon School of Business and Economics,Portugal,Lisbon,Lisbon,1,Palma de Cima,1649,ucp.pt,Private,Portuguese;English,1967
ISCTE,ISCTE Business School,Portugal,Lisbon,Lisbon,1,Avenida das Forças Armadas,1649,iscte-iul.pt,Public,Portuguese;English,1972
POLYTECHNIC_PORTO,Polytechnic of Porto,Portugal,Porto,Porto,1,Rua Dr. António Bernardino de Almeida,4249,ipp.pt,Public,Portuguese;English,1985
UNIV_BEIRA_INTERIOR,University of Beira Interior,Portugal,Covilhã,Covilhã,1,Rua Marquês d'Ávila e Bolama,6201,ubi.pt,Public,Portuguese;English,1986
UNIV_ALGARVE,University of Algarve,Portugal,Faro,Faro,1,Campus de Gambelas,8005,ualg.pt,Public,Portuguese;English,1979
TRINITY_DUBLIN,Trinity College Dublin,Ireland,Dublin,Dublin,1,College Green,2,tcd.ie,Public,English;Irish,1592
UCD,University College Dublin,Ireland,Dublin,Dublin,1,Belfield,4,ucd.ie,Public,English;Irish,1854
UCC,University College Cork,Ireland,Cork,Cork,1,Western Rd,T12,ucc.ie,Public,English;Irish,1845
NUI_GALWAY,University of Galway,Ireland,Galway,Galway,1,University Rd,H91,universityofgalway.ie,Public,English;Irish,1845
DCU,Dublin City University,Ireland,Dublin,Dublin,1,Glasnevin,9,dcu.ie,Public,English;Irish,1989
UL,University of Limerick,Ireland,Limerick,Limerick,1,Sreelane,V94,ul.ie,Public,English;Irish,1972
MAYNOOTH,Maynooth University,Ireland,Maynooth,Maynooth,1,Maynooth,W23,maynoothuniversity.ie,Public,English;Irish,1997
TU_DUBLIN,Technological University Dublin,Ireland,Dublin,Dublin,1,Grangegorman,7,tudublin.ie,Public,English;Irish,2019
RCSI,Royal College of Surgeons in Ireland,Ireland,Dublin,Dublin,1,St. Stephen's Green,2,rcsi.ie,Private,English,1784
UNIV_LUXEMBOURG,University of Luxembourg,Luxembourg,Luxembourg,Luxembourg,1,Avenue de l'Université,4365,uni.lu,Public,French;German;English,2003
SACRED_HEART_LUXEMBOURG,Sacred Heart University Luxembourg,Luxembourg,Luxembourg,Luxembourg,1,Rue d'Anvers,1130,shu.edu,Private,English,1991
AMERICAN_UNIV_ARMENIA,American University of Armenia,Armenia,Yerevan,Yerevan,1,Paruhi Sevak,0019,aua.am,Private,English;Armenian,1991
YEREVAN_STATE,Yerevan State University,Armenia,Yerevan,Yerevan,1,Alex Manoogian,0025,ysu.am,Public,Armenian;English,1919
AMERICAN_UNIV_GEORGIA,American University of Georgia,Georgia,Tbilisi,Tbilisi,1,David Aghmashenebeli Alley,0131,agu.edu.ge,Private,English;Georgian,2005
GEORGIAN_TECH,Georgian Technical University,Georgia,Tbilisi,Tbilisi,1,Merab Kostava,0175,gtu.ge,Public,Georgian;English,1922
UNIV_GEORGIA,University of Georgia,Georgia,Tbilisi,Tbilisi,1,77a Kostava St,0175,ug.edu.ge,Private,Georgian;English,2004
CAUCASUS_UNIV,Caucasus University,Georgia,Tbilisi,Tbilisi,1,Paata Saakadze,0102,cu.edu.ge,Private,Georgian;English,2004
BAKU_STATE,Baku State University,Azerbaijan,Baku,Baku,1,Zahid Khalilov,1148,bsu.edu.az,Public,Azerbaijani;English,1919
ADA_UNIVERSITY,ADA University,Azerbaijan,Baku,Baku,1,Ahmadbey Aghaoglu,1008,ada.edu.az,Private,English;Azerbaijani,2006
KHAZAR_UNIV,Khazar University,Azerbaijan,Baku,Baku,1,Mahsati,1096,khazar.org,Private,English;Azerbaijani,1991
BELARUS_STATE,Belarus State University,Belarus,Minsk,Minsk,1,Nezavisimosti Avenue,220030,bsu.by,Public,Belarusian;Russian;English,1921
BELARUS_TECH,Belarusian National Technical University,Belarus,Minsk,Minsk,1,Nezavisimosti Avenue,220013,bntu.by,Public,Belarusian;Russian;English,1920
EUROPEAN_HUMANITIES,European Humanities University,Belarus,Vilnius,Vilnius,1,Savičiaus,01108,ehu.lt,Private,English;Russian;Belarusian,1992
KYIV_UNIV,Taras Shevchenko National University of Kyiv,Ukraine,Kyiv,Kyiv,1,Volodymyrska,01601,univ.kiev.ua,Public,Ukrainian;English,1834
KYIV_POLYTECHNIC,Igor Sikorsky Kyiv Polytechnic Institute,Ukraine,Kyiv,Kyiv,1,Peremohy Avenue,03056,kpi.ua,Public,Ukrainian;English,1898
LVIV_UNIV,Ivan Franko National University of Lviv,Ukraine,Lviv,Lviv,1,Universytetska,79000,lnu.edu.ua,Public,Ukrainian;English,1661
KHARKIV_UNIV,V.N. Karazin Kharkiv National University,Ukraine,Kharkiv,Kharkiv,1,Svobody Square,61022,univer.kharkov.ua,Public,Ukrainian;English,1804
ODESSA_UNIV,Odessa I.I. Mechnikov National University,Ukraine,Odessa,Odessa,1,Dvoryanskaya,65082,onu.edu.ua,Public,Ukrainian;English,1865
AMERICAN_UNIV_KYIV,American University Kyiv,Ukraine,Kyiv,Kyiv,1,Esplanadna,01023,auk.edu.ua,Private,English;Ukrainian,2021
UNIV_SKOPJE,Ss. Cyril and Methodius University,North Macedonia,Skopje,Skopje,1,bul. Goce Delčev,1000,ukim.edu.mk,Public,Macedonian;English,1949
SOUTH_EAST_EUROPEAN,South East European University,North Macedonia,Tetovo,Tetovo,1,Ilindenska,1200,seeu.edu.mk,Private,English;Albanian;Macedonian,2001
AMERICAN_COLLEGE_SKOPJE,American College of Skopje,North Macedonia,Skopje,Skopje,1,Treta Makedonska Brigada,1000,acs.edu.mk,Private,English,2005
UNIV_TIRANA,University of Tirana,Albania,Tirana,Tirana,1,Bulevardi Zogu I,1001,unitir.edu.al,Public,Albanian;English,1957
POLYTECHNIC_TIRANA,Polytechnic University of Tirana,Albania,Tirana,Tirana,1,Sheshi Nënë Tereza,1001,upt.al,Public,Albanian;English,1951
EUROPEAN_UNIV_TIRANA,European University of Tirana,Albania,Tirana,Tirana,1,Bulevardi Gjergj Fishta,1023,uet.edu.al,Private,Albanian;English,2006
UNIV_MONTENEGRO,University of Montenegro,Montenegro,Podgorica,Podgorica,1,Džordža Vašingtona,81000,ucg.ac.me,Public,Montenegrin;English,1974
MEDITERRANEAN_UNIV,Mediterranean University,Montenegro,Podgorica,Podgorica,1,Vaka Đurovića,81000,unimediteran.net,Private,English;Montenegrin,2006
UNIV_DONJA_GORICA,University of Donja Gorica,Montenegro,Podgorica,Podgorica,1,Donja Gorica,81000,udg.edu.me,Private,English;Montenegrin,2007
STATE_UNIV_MOLDOVA,Moldova State University,Moldova,Chișinău,Chișinău,1,Strada Mateevici,2009,usm.md,Public,Romanian;Russian;English,1946
TECHNICAL_UNIV_MOLDOVA,Technical University of Moldova,Moldova,Chișinău,Chișinău,1,Stefan cel Mare,2004,utm.md,Public,Romanian;English,1964
AMERICAN_UNIV_MOLDOVA,American University of Moldova,Moldova,Chișinău,Chișinău,1,strada Bănulescu-Bodoni,2012,aum.md,Private,English;Romanian,1994
LIECHTENSTEIN_UNIV,University of Liechtenstein,Liechtenstein,Vaduz,Vaduz,1,Fürst-Franz-Josef-Strasse,9490,uni.li,Public,German;English,1961
MONACO_INTERNATIONAL,International University of Monaco,Monaco,Monaco,Monaco,1,2 Avenue Albert II,98000,monaco.edu,Private,English;French,1986
SAN_MARINO_UNIV,University of San Marino,San Marino,San Marino,San Marino,1,Via Salita alla Rocca,47890,unirsm.sm,Public,Italian;English,1985
PONTIFICAL_GREGORIAN,Pontifical Gregorian University,Vatican City,Vatican City,Vatican City,1,Piazza della Pilotta,00187,unigre.it,Private,Italian;Latin;English,1551
UNIV_ANDORRA,University of Andorra,Andorra,Andorra la Vella,Andorra la Vella,1,Plaça de la Germandat,AD600,uda.ad,Public,Catalan;Spanish;French,1997
BOGAZICI_UNIV,Boğaziçi University,Turkey,Istanbul,Istanbul,1,Bebek,34342,boun.edu.tr,Public,English;Turkish,1863
MIDDLE_EAST_TECH_TURKEY,Middle East Technical University,Turkey,Ankara,Ankara,1,Üniversiteler Mahallesi,06800,metu.edu.tr,Public,English;Turkish,1956
ISTANBUL_TECH,Istanbul Technical University,Turkey,Istanbul,Istanbul,1,Ayazağa Campus,34469,itu.edu.tr,Public,Turkish;English,1773
BILKENT_UNIV,Bilkent University,Turkey,Ankara,Ankara,1,Bilkent,06800,bilkent.edu.tr,Private,English;Turkish,1984
KOC_UNIV,Koç University,Turkey,Istanbul,Istanbul,1,Rumelifeneri Yolu,34450,ku.edu.tr,Private,English;Turkish,1993
SABANCI_UNIV,Sabancı University,Turkey,Istanbul,Istanbul,1,Orhanli,34956,sabanciuniv.edu,Private,English;Turkish,1994
ISTANBUL_UNIV,Istanbul University,Turkey,Istanbul,Istanbul,1,Beyazıt,34452,istanbul.edu.tr,Public,Turkish;English,1453
ANKARA_UNIV,Ankara University,Turkey,Ankara,Ankara,1,Dögol Caddesi,06100,ankara.edu.tr,Public,Turkish;English,1946
GALATASARAY_UNIV,Galatasaray University,Turkey,Istanbul,Istanbul,1,Çırağan Caddesi,34357,gsu.edu.tr,Public,Turkish;French;English,1992
AMERICAN_UNIV_PRISHTINA,American University in Kosovo,Kosovo,Pristina,Pristina,1,Nazim Gafurri,10000,auk.org,Private,English;Albanian,2003
UNIV_PRISHTINA,University of Pristina,Kosovo,Pristina,Pristina,1,Mother Teresa,10000,uni-pr.edu,Public,Albanian;Serbian;English,1970
HEIDELBERG_MANNHEIM,University of Mannheim,Germany,Baden-Württemberg,Mannheim,1,Schloss,68131,uni-mannheim.de,Public,German;English,1907
GOETHE_FRANKFURT,Goethe University Frankfurt,Germany,Hessen,Frankfurt,1,Theodor-W.-Adorno-Platz,60629,uni-frankfurt.de,Public,German;English,1914
DARMSTADT_TECH,Technical University of Darmstadt,Germany,Hessen,Darmstadt,1,Karolinenplatz,64289,tu-darmstadt.de,Public,German;English,1877
KAISERSLAUTERN_TECH,University of Kaiserslautern,Germany,Rheinland-Pfalz,Kaiserslautern,1,Gottlieb-Daimler-Straße,67663,uni-kl.de,Public,German;English,1970
BOCHUM_UNIV,Ruhr University Bochum,Germany,Nordrhein-Westfalen,Bochum,1,Universitätsstraße,44801,rub.de,Public,German;English,1962
BIELEFELD_UNIV,Bielefeld University,Germany,Nordrhein-Westfalen,Bielefeld,1,Universitätsstraße,33615,uni-bielefeld.de,Public,German;English,1969
DÜSSELDORF_UNIV,Heinrich Heine University Düsseldorf,Germany,Nordrhein-Westfalen,Düsseldorf,1,Universitätsstraße,40225,hhu.de,Public,German;English,1965
PADERBORN_UNIV,University of Paderborn,Germany,Nordrhein-Westfalen,Paderborn,1,Warburger Straße,33098,uni-paderborn.de,Public,German;English,1972
SIEGEN_UNIV,University of Siegen,Germany,Nordrhein-Westfalen,Siegen,1,Adolf-Reichwein-Straße,57068,uni-siegen.de,Public,German;English,1972
WUPPERTAL_UNIV,University of Wuppertal,Germany,Nordrhein-Westfalen,Wuppertal,1,Gaußstraße,42119,uni-wuppertal.de,Public,German;English,1972
HANOVER_UNIV,Leibniz University Hannover,Germany,Niedersachsen,Hannover,1,Welfengarten,30167,uni-hannover.de,Public,German;English,1831
OLDENBURG_UNIV,University of Oldenburg,Germany,Niedersachsen,Oldenburg,1,Ammerländer Heerstraße,26129,uni-oldenburg.de,Public,German;English,1973
BRAUNSCHWEIG_TECH,Braunschweig University of Technology,Germany,Niedersachsen,Braunschweig,1,Universitätsplatz,38106,tu-braunschweig.de,Public,German;English,1745
CLAUSTHAL_TECH,Clausthal University of Technology,Germany,Niedersachsen,Clausthal-Zellerfeld,1,Adolph-Roemer-Straße,38678,tu-clausthal.de,Public,German;English,1775
HILDESHEIM_UNIV,University of Hildesheim,Germany,Niedersachsen,Hildesheim,1,Universitätsplatz,31141,uni-hildesheim.de,Public,German;English,1978
LÜNEBURG_UNIV,Leuphana University of Lüneburg,Germany,Niedersachsen,Lüneburg,1,Universitätsallee,21335,leuphana.de,Public,German;English,1946
OSNABRÜCK_UNIV,University of Osnabrück,Germany,Niedersachsen,Osnabrück,1,Neuer Graben,49074,uni-osnabrueck.de,Public,German;English,1974
VECHTA_UNIV,University of Vechta,Germany,Niedersachsen,Vechta,1,Driverstraße,49377,uni-vechta.de,Public,German;English,1830
SAARLAND_UNIV,Saarland University,Germany,Saarland,Saarbrücken,1,Campus,66123,uni-saarland.de,Public,German;French;English,1948
ROSTOCK_UNIV,University of Rostock,Germany,Mecklenburg-Vorpommern,Rostock,1,Universitätsplatz,18055,uni-rostock.de,Public,German;English,1419
GREIFSWALD_UNIV,University of Greifswald,Germany,Mecklenburg-Vorpommern,Greifswald,1,Domstraße,17489,uni-greifswald.de,Public,German;English,1456
LÜBECK_UNIV,University of Lübeck,Germany,Schleswig-Holstein,Lübeck,1,Ratzeburger Allee,23562,uni-luebeck.de,Public,German;English,1964
FLENSBURG_UNIV,University of Flensburg,Germany,Schleswig-Holstein,Flensburg,1,Auf dem Campus,24943,uni-flensburg.de,Public,German;English,1994
JENA_UNIV,Friedrich Schiller University Jena,Germany,Thüringen,Jena,1,Fürstengraben,07743,uni-jena.de,Public,German;English,1558
ILMENAU_TECH,Ilmenau University of Technology,Germany,Thüringen,Ilmenau,1,Ehrenbergstraße,98693,tu-ilmenau.de,Public,German;English,1894
WEIMAR_BAUHAUS,Bauhaus University Weimar,Germany,Thüringen,Weimar,1,Geschwister-Scholl-Straße,99423,uni-weimar.de,Public,German;English,1860
ERFURT_UNIV,University of Erfurt,Germany,Thüringen,Erfurt,1,Nordhäuser Straße,99089,uni-erfurt.de,Public,German;English,1379
HALLE_WITTENBERG,Martin Luther University Halle-Wittenberg,Germany,Sachsen-Anhalt,Halle,1,Universitätsplatz,06108,uni-halle.de,Public,German;English,1502
MAGDEBURG_UNIV,Otto von Guericke University Magdeburg,Germany,Sachsen-Anhalt,Magdeburg,1,Universitätsplatz,39106,ovgu.de,Public,German;English,1993
CHEMNITZ_TECH,Chemnitz University of Technology,Germany,Sachsen,Chemnitz,1,Straße der Nationen,09111,tu-chemnitz.de,Public,German;English,1836
FREIBERG_TECH,TU Bergakademie Freiberg,Germany,Sachsen,Freiberg,1,Akademiestraße,09599,tu-freiberg.de,Public,German;English,1765
AUGSBURG_UNIV,University of Augsburg,Germany,Bayern,Augsburg,1,Universitätsstraße,86159,uni-augsburg.de,Public,German;English,1970
BAMBERG_UNIV,University of Bamberg,Germany,Bayern,Bamberg,1,Kapuzinerstraße,96047,uni-bamberg.de,Public,German;English,1647
PASSAU_UNIV,University of Passau,Germany,Bayern,Passau,1,Innstraße,94032,uni-passau.de,Public,German;English,1978
REGENSBURG_UNIV,University of Regensburg,Germany,Bayern,Regensburg,1,Universitätsstraße,93053,uni-regensburg.de,Public,German;English,1962
EICHSTÄTT_UNIV,Catholic University of Eichstätt-Ingolstadt,Germany,Bayern,Eichstätt,1,Ostenstraße,85072,ku.de,Private,German;English,1980
HOHENHEIM_UNIV,University of Hohenheim,Germany,Baden-Württemberg,Stuttgart,1,Schloss Hohenheim,70599,uni-hohenheim.de,Public,German;English,1818
KASSEL_UNIV,University of Kassel,Germany,Hessen,Kassel,1,Mönchebergstraße,34125,uni-kassel.de,Public,German;English,1971
GIESSEN_UNIV,Justus Liebig University Giessen,Germany,Hessen,Giessen,1,Ludwigstraße,35390,uni-giessen.de,Public,German;English,1607
MARBURG_UNIV,University of Marburg,Germany,Hessen,Marburg,1,Biegenstraße,35037,uni-marburg.de,Public,German;English,1527

```